0	Hello World
1	Welcome to Java
2	This is a Graph
3	We are making this for FP tegraf
4	Hope you like it!
5	Hellow Orld
6	Hello Java
7	W kira gak nyampe X dramanya wkwkwkwk
8	Mau Baili...
9	Kurir kesel gak sih klo aku sering belanja receh dan barangnya kecil segini,sbnrya masih banyak lagiii:pray:Trs 1 paket itu abangnya dpt komisi gak...takut ngerepotin klo terus2 gini...Tia (Sehat2 abang kurir)
10	pompom! sender butuh saran dong antara sunday sm jingyuan mending pulangin lc siapa dulu, cuma bisa bawa pulang salah satu T--T sender sendiri udh jaraangg banget pake jingyuan, apa masih worth buat invest ke jingyuan klo begini? minta sarannya dong! tia
11	di negara yang stress ini, penyemangatku saat ini pengen tau ending game hoyoverse
12	gonna rest a bit, migraine is coming back.
13	Bot on, yang kirim menfess tolong lebih diperhatikan lagi. Kalian punya waktu kurang lebih 5 menit untuk cancel menfess sebelum terkirim, jadi pastikan tidak melanggar rules dan tidak mengirim menfess yang menimbulkan huru-hara seperti beberapa hari terakhir (mimin restless)
14	hold on, is her tongue actually where her tacet mark is???
15	dimsum disanguan anyeeeng
16	nanya dong kalau kucing suka mijitÂ² kek selimut dan kain gt itu kenapa yah? Kucing betina 4 bulan.
17	Jadi mod/staff vtuber kok buat pacarin vtubernya
18	lu olang lapat sambil ujan... isinya "louder plsss" "interupsi suaraa"ğŸ’”
19	hm, what else to cook
20	So this is what he told geto..
21	you are telling me sosuke MPMs on a 60hz phone??? what
22	Breakfast selfie
23	Saya hanya vtuber kecil namun kenapa saya dizalimi..
24	Herta jadi mirip jamet oren yang di sebelah
25	Pompom! Ini Svarognya rusak, ya? Kok nggak gerak ğŸ˜”
26	Gerbang menuju isekai
27	Kobo masuk peringkat 10 besar lagu vtuber yang paling banyak dinyanyikan di karaoke jepang versi DAM tahun 2024, ga tanggung-tanggung 2 lagu doi masuk ke chart
28	Gila, hina banget Prabowo udah jadi Presiden tapi di mata Jokowi kek bukan siapa2. Beneran deh, persis kek kucing dikasih wiskas kalo berhadapan sama JokowiğŸ¤£
29	what the hell was this insane slander from bancho btw, im not that bad..... right?
30	kira kira ini kaki hewan apa ya? ada yang tau ga? ğŸ˜– ğŸˆ
31	km kokâ€¦.kyk gapunya leher
32	Going into 2025 with the same cat Iâ€™ve loved since 2020
33	Tupai belanda beraksi
34	Yg pentingg biyuuu kan?? Wkwkw
35	Harga tiket pesawat utk lebaran lebih tinggi ketimbang kosan sendiri, mepet umr surakarta. Certified anak durhaka kah ini?
36	Ibarat teriak â€œHala Madridâ€ tapi pake baju Barcelona dengan no. punggung 10 bertuliskan Messi, alias kocak bener ğŸ˜…
37	Momma cat is sleeping while babies are playing ğŸ¥°ğŸ¥°ğŸ˜»
38	sopan kh bgitu???
39	ml! meta 4 istri wkwowko
40	kukus adalah gradasi warna produk berhasil papa kew dan mama nas
41	AK BEBAS!! Trims pipi udh bebasin ak walaupun ak kesal dikit knp lama sekali dibebasinnya, jdnya pi ak serang dgn lucu sedikit
42	wayyy too many bro
43	what do you know about floor cryâ€¦.. im literally judging
44	semacem kompor induksi? iya jugaâ€¦aing lupa kl punya (mlh jadi tempat obat skrgğŸ—¿)
45	One Punch Man opening remade to look like the webcomic!
46	ğŸ’š Keponakanku kreatif. Hasil dari kebun orang tuanyağŸ˜
47	ğŸ‘¨â€ğŸ‘©â€ğŸ‘§â€ğŸ‘¦: Yeay naik kapal pesiar mewahğŸ¥° ğŸ‘¦ğŸ»: Apa2an anjir bentar banget ğŸ˜­
48	di video ini jelas banget ngantuk ini mah supir truknya kabarnya yg md jadi dua orang slipi jakarta barat
49	This mf ğŸ’€
50	What is this?
51	mephisto DTHR doable
52	how people feel putting their top plays at the bottom of their profile:
53	Dua kata lucu: KINERJA BAWASLU.
54	POV nunggu @AdelaideCh_ siap siap. iya aku yang jadi kamera.
55	Aku dateng ke konsernya
56	ğŸ’™ eh sender penarasan, modus cewe buat deketin cowo yang dia suka gimana sih?
57	oh but when I draw half naked buff animals i'm a faggot
58	angel with a shotgun #SundayHSR #HonkaiStarRail
61	dd loki abis disteril bukannya anteng malah banyak tingkah, mirip abangnya bgtğŸ˜­ğŸ˜­ *ngelus dada
62	They are the definition of matching each other's freak.
